{"cameraMode":{"drawMode":0,"name":"Shaded","section":"Shading Mode"},"sceneLighting":true,"audioPlay":false,"sceneViewState":{"showFog":true,"showMaterialUpdate":false,"showSkybox":true,"showFlares":true,"showImageEffects":true,"showParticleSystems":true},"in2DMode":false,"pivot":{"x":-65.98555755615235,"y":43.73490524291992,"z":-43.829185485839847},"rotation":{"x":0.18592502176761628,"y":0.6203372478485107,"z":-0.1545776128768921,"w":0.746137261390686},"size":0.24289041757583619,"orthographic":false}